path,change_type,authorized,reason,pre_sha256,post_sha256,included_in_commit,status
dist/research_audit_kit-0.1.0-py3-none-any.whl,REMOVED_GENERATED_ARTIFACT,true,Replace stale ignored distribution artifact before Phase 2 rebuild,fdcac88d7afc52d407baec8990282528d599d005501afd0c080ef9586d47fd6c,,false,COMPLETE
dist/research_audit_kit-0.1.0.tar.gz,REMOVED_GENERATED_ARTIFACT,true,Replace stale ignored distribution artifact before Phase 2 rebuild,df15330dfafde82d084611c9548a19dcfedc855675f7e0b08994e41ac9128bcc,,false,COMPLETE
CHANGELOG.md,MODIFIED,true,"Apache-2.0 integration, release validation, or required audit evidence",5603ae645c2685731452d9626eacf647771577da55aa62b51dc6c95ff0fcdd6b,fb081b8f7bf00aeba34e58339ac232534e58e1ba0ec5e748e48ca1098f68564b,true,COMPLETE
CITATION.cff,MODIFIED,true,"Apache-2.0 integration, release validation, or required audit evidence",f7f0da308dfe3544a776ad2995c4f6ac8375d683b04475ccdd806715b6443c66,a85fcd412436b18282641ba63ad1027b821dcf0b9586172af1ab963f322e2a9b,true,COMPLETE
CONTRIBUTING.md,MODIFIED,true,"Apache-2.0 integration, release validation, or required audit evidence",b303321dcab67e4c0a7a98e71864b417cfd99c15162392234e9dc672c52e932e,046bfdbac13d5c8280617c8bbe6ea287b2a7657c32011e2aa0f37240d10a9bce,true,COMPLETE
LICENSE,ADDED,true,"Apache-2.0 integration, release validation, or required audit evidence",,c71d239df91726fc519c6eb72d318ec65820627232b2f796219e87dcf35d0ab4,true,COMPLETE
LICENSE_STATUS.md,MODIFIED,true,"Apache-2.0 integration, release validation, or required audit evidence",ff27d4afaeaf076eaa2cec95dfa4afa172bba029e33fce50bf28d74ffc7e6b49,284d5247d01a94d8fb1fefed0d73a9204e584a4a241d7b9c13d296303455bf03,true,COMPLETE
MANIFEST.in,MODIFIED,true,"Apache-2.0 integration, release validation, or required audit evidence",db14f1a743bc343d513ce81a1e32be9c4b5dfaa4843d1e6e40de48b26a00e54b,7e22f330c9b717dce38f79c38a8a303cea6849dd6cb1beef6231b910894a2352,true,COMPLETE
README.md,MODIFIED,true,"Apache-2.0 integration, release validation, or required audit evidence",f6405f4111e18ec3b5b5c69c07b57f4eba910ab9505745962586a5d0670a5322,1ae1218e20efe632a5f34aead031c6e46d030656845d791e10bedb58c6ef43a7,true,COMPLETE
license_release/BUILD_REVALIDATION_REPORT.md,ADDED,true,"Apache-2.0 integration, release validation, or required audit evidence",,db78384189909e49bb8e9c81a9857971e219800304f41ebce2b46a280801aa55,true,COMPLETE
license_release/COMMAND_LOG.csv,ADDED,true,"Apache-2.0 integration, release validation, or required audit evidence",,a2831e231fc64503b7b3671c2c5f40b956ac225c87a71a8f540cdcaccd8ecc81,true,COMPLETE
license_release/FILE_CHANGE_LOG.csv,ADDED,true,"Apache-2.0 integration, release validation, or required audit evidence",,f84eb16ffa6a38f94c01f73f214a874cb46e33a035fcdaae1f2a780ae45d43c9,true,COMPLETE
license_release/FINAL_LICENSE_DECISION.md,ADDED,true,"Apache-2.0 integration, release validation, or required audit evidence",,5f45ece6368fad21412aadd69e0e703b75028bf5b71724dc0e66d68a3a778d5c,true,COMPLETE
license_release/FINAL_LICENSE_DECISION.yaml,ADDED,true,"Apache-2.0 integration, release validation, or required audit evidence",,8a56887abd2aa2136d2ef9f3675614bad787bca5bb296726883b4eab117c215d,true,COMPLETE
license_release/GITHUB_HANDOFF.md,ADDED,true,"Apache-2.0 integration, release validation, or required audit evidence",,e898614d5e96897657786a2257574be919a906688994a1fa3a9a166ddc3bc9e1,true,COMPLETE
license_release/LICENSE_APPLICATION_REPORT.md,ADDED,true,"Apache-2.0 integration, release validation, or required audit evidence",,8a5ef21a1234c6ce3b1a375d49c0042e39bc683a8df445370893721b9e4705ef,true,COMPLETE
license_release/METADATA_UPDATE_REPORT.md,ADDED,true,"Apache-2.0 integration, release validation, or required audit evidence",,58e71e7617460fd54abf12f110c9a822269970fd772b99e356dd59003162eff9,true,COMPLETE
license_release/NOTICE_DECISION.md,ADDED,true,"Apache-2.0 integration, release validation, or required audit evidence",,351029207918f2afff9213f091476cc65b60a496cf90aea929981b209cdeae1e,true,COMPLETE
license_release/PUBLICATION_READINESS_REPORT.md,ADDED,true,"Apache-2.0 integration, release validation, or required audit evidence",,86b5bb2ace125acf167fffb70e432b8422172bb1a4200a6419818d1bfa80c389,true,COMPLETE
license_release/README.md,ADDED,true,"Apache-2.0 integration, release validation, or required audit evidence",,dcc558ebc5f514832a18b1b5d22220a469ed359bbcbd4ff3e63d9b50854bc7e0,true,COMPLETE
license_release/RELEASE_BLOCKERS.csv,ADDED,true,"Apache-2.0 integration, release validation, or required audit evidence",,9fdf45f72dc457ce89375bbfe5982e6cefaa7e8ab1d50a5bceae1a65d1b8a25a,true,COMPLETE
license_release/RELEASE_NOTES_DRAFT.md,ADDED,true,"Apache-2.0 integration, release validation, or required audit evidence",,1c766e2e7a0d391125c7587f3cf4431b33d636bb6e3dd7347f6f191ee9777d58,true,COMPLETE
license_release/SPDX_HEADER_REPORT.md,ADDED,true,"Apache-2.0 integration, release validation, or required audit evidence",,eba7416ccc3ca4094879974a46e2aca982238a95da3c87a0dfb7dd9dd12141cd,true,COMPLETE
license_release/STATUS.md,ADDED,true,"Apache-2.0 integration, release validation, or required audit evidence",,633dafd17b848f61c4d72d7518777065af4e5ccdcf5c50b04395529133553833,true,COMPLETE
license_release/artifacts/README.txt,ADDED,true,"Apache-2.0 integration, release validation, or required audit evidence",,d6abc217fbb51dbdc058ff06fd96ab5ff2b8574d1df1044c9b84f852c63fd4bd,true,COMPLETE
license_release/artifacts/checksums.sha256,ADDED,true,"Apache-2.0 integration, release validation, or required audit evidence",,96cc453b100a037132deeb719936c72a03ba619edeca0c7320c1b05cb9c073ec,true,COMPLETE
license_release/checks/forbidden_asset_scan.csv,ADDED,true,"Apache-2.0 integration, release validation, or required audit evidence",,5b37a47c85acdba69ebf0a410f3d5168d4814bca05e8e406cb479f8e647f8e3c,true,COMPLETE
license_release/checks/license_text_verification.csv,ADDED,true,"Apache-2.0 integration, release validation, or required audit evidence",,6354cea3039a362f59b3321edbaf7ba1b983d2879b1438e0e986155b5101ee40,true,COMPLETE
license_release/checks/metadata_consistency.csv,ADDED,true,"Apache-2.0 integration, release validation, or required audit evidence",,e0f473d70ec5cedc53870bcd2762c2458375f4a5833c4eb8d878012a92658906,true,COMPLETE
license_release/checks/package_content_scan.csv,ADDED,true,"Apache-2.0 integration, release validation, or required audit evidence",,e05e7dbce10a6c3f1eb691b0e2cf9b4eef975fa3fab1db86f50b981811ee107f,true,COMPLETE
license_release/checks/pre_license_manifest.csv,ADDED,true,"Apache-2.0 integration, release validation, or required audit evidence",,140f9f3476d6a433928b29f90514bbbf30a2ac8e8fa9df8afa07cb9ff7c7d566,true,COMPLETE
license_release/checks/privacy_scan.csv,ADDED,true,"Apache-2.0 integration, release validation, or required audit evidence",,e4e4bbd150bfa46ae6aabef8153dbab1cb327d90a63ef7947a851d12500ffac0,true,COMPLETE
license_release/checks/source_header_scan.csv,ADDED,true,"Apache-2.0 integration, release validation, or required audit evidence",,3a57282b576888c05dbc1f3ee811e0fefbd270ee1af8d8cb062c07a75651e0fa,true,COMPLETE
license_release/checks/source_protection_check.csv,ADDED,true,"Apache-2.0 integration, release validation, or required audit evidence",,233e37484656405370238b4dbd56d4af4c31882e0e0e814f0cef623ff31889e2,true,COMPLETE
pyproject.toml,MODIFIED,true,"Apache-2.0 integration, release validation, or required audit evidence",0c8d3a1a96093f6a26a63e59e2905b8a6a4cb42a2c8e486bcd8667f1b8cfda78,1cc4cde478bc0a360c19c91a70a4b90429237b6d4388e5bf013c811b836e4e2b,true,COMPLETE
src/research_audit_kit/__init__.py,MODIFIED,true,"Apache-2.0 integration, release validation, or required audit evidence",9cc7162e82790b447f9e104c2b7bf630a87bac4585ae78ab7a0dbc7c446db9af,afe82120a7176a7ff10c80a1b6488c2043472e9f8d0b67aeb93b155a0e7eece3,true,COMPLETE
src/research_audit_kit/__main__.py,MODIFIED,true,"Apache-2.0 integration, release validation, or required audit evidence",76fa916e93e0ae1a6c1bb51dcc0bcf289c014e9f760a47165f8a84401ccf41d7,4f42b0789c672479799ed81354a56d470d6998ac2a7ebd306574e2b712040413,true,COMPLETE
src/research_audit_kit/cli.py,MODIFIED,true,"Apache-2.0 integration, release validation, or required audit evidence",543f8555e91889356f7ed82db69c4a15fc8da7c4059b4fd9f487d82f626dc834,563b419bea4389a0625a7c302a2bc1989f2f1095e2f65d2af4c18b76c799c266,true,COMPLETE
src/research_audit_kit/constants.py,MODIFIED,true,"Apache-2.0 integration, release validation, or required audit evidence",5e6732100921c8c6b5ca5bcf88994a6aa0585c6b7f13435c62c6bcb56446eadb,dadf4939fb82b2bab928c797c538e48e45e3599276163e701e4464f57bbbc2d5,true,COMPLETE
src/research_audit_kit/exceptions.py,MODIFIED,true,"Apache-2.0 integration, release validation, or required audit evidence",4cae1aaa1b9cadc0d1addcf2b26eb96434ca5637fe0db3c5207f2aa8da26408e,deac30633118eb244cb80d62bfbfb5acf6e62981fecfedceb7cc5ed08c7ca385,true,COMPLETE
src/research_audit_kit/governance/__init__.py,MODIFIED,true,"Apache-2.0 integration, release validation, or required audit evidence",e996791912a6c7dc519f9197bc0c92b340549b47188524cf93592a6e807894b3,78684cf9466de73569032d24cde2bafd4943cd07435dad5b676f8933b0507d63,true,COMPLETE
src/research_audit_kit/governance/claims.py,MODIFIED,true,"Apache-2.0 integration, release validation, or required audit evidence",df45c3be5378ad84e1d04eea5efb479e7e58e35aff6d217f559b05f3ee203774,3cba645df0296e8474243a36ab294eaef571aa48fe894a4d74fc61ebebd54209,true,COMPLETE
src/research_audit_kit/governance/decisions.py,MODIFIED,true,"Apache-2.0 integration, release validation, or required audit evidence",cbce2770ad73c07154ee397a5c80855576fe50f993b43e7c0e2ea9ade377e157,0e781ab2668c4c8042a624adedcfcfcd9f5cf4c053db3015aee858ddada2c9a4,true,COMPLETE
src/research_audit_kit/governance/deviations.py,MODIFIED,true,"Apache-2.0 integration, release validation, or required audit evidence",0b4bc1ee2307b083e0b3b134d278dba8a0dd138e0081c13b5b74c1a467c67eb1,0a8a3478d3458a6e6af2b0fa4fe423a586ed772eeddbb8f378a836873a6dd68d,true,COMPLETE
src/research_audit_kit/governance/gates.py,MODIFIED,true,"Apache-2.0 integration, release validation, or required audit evidence",8476e46369b7abd48f22d5167bc63dcd948eedb1d37c56ccd21ea90208a93ed4,97fd8f93d75d002104d84639c79c64549e96f520ed638d88311747bb4b467e1b,true,COMPLETE
src/research_audit_kit/governance/negative_results.py,MODIFIED,true,"Apache-2.0 integration, release validation, or required audit evidence",2981c023369c763009ef4436dbc1429ad1d065016ab283c0858565dee2cf3b71,a02145f48b7e63df9692aa8cd7ea4e023587d5c173543c324ddc79c2e87197bf,true,COMPLETE
src/research_audit_kit/integrity/__init__.py,MODIFIED,true,"Apache-2.0 integration, release validation, or required audit evidence",7415fac1893db6cd1ff3600a1461dcaa6fb0e48b44704eed52236502b0a51c1c,50c9bd85d7e2c982463d5001a01afbd06fe600dc2389312c75fa7df4708ec046,true,COMPLETE
src/research_audit_kit/integrity/baseline.py,MODIFIED,true,"Apache-2.0 integration, release validation, or required audit evidence",37ca8a515c4cbe5dc3e6ee0a2afbcf53c52308832aca4aa350a014ca57b3552a,851f8c52c9a096eec985b1ffbf393f3ea68a4e1f78f2e2b647f0d00c1c3380ec,true,COMPLETE
src/research_audit_kit/integrity/hashing.py,MODIFIED,true,"Apache-2.0 integration, release validation, or required audit evidence",d119650a075d9b50bc1af37da203299a7d3e6487850a5936050e18c18a63471b,36aeb6d4558c52d4d9f8b6d4228b4c66de27ba8f7848586466e95e245bd66c95,true,COMPLETE
src/research_audit_kit/integrity/inventory.py,MODIFIED,true,"Apache-2.0 integration, release validation, or required audit evidence",c8de28bc474fa7e11da6adf22ebf222f481e497304ec1d85e30c2f3760f80c2a,3442a5b3e4b4b9ff147b237d1ae6cb2cfa4c6a5a717579aa221f9a206c2e514c,true,COMPLETE
src/research_audit_kit/integrity/policy.py,MODIFIED,true,"Apache-2.0 integration, release validation, or required audit evidence",9b01cb0c2fe9ed3f8279f6b7950d3e429c6a81eb6d0dd04d4b9c8b77465d0fbd,17250b194d313948779a8f59bd2e3e664de115a5fb1a62e407ba598c2fc13eb1,true,COMPLETE
src/research_audit_kit/integrity/verification.py,MODIFIED,true,"Apache-2.0 integration, release validation, or required audit evidence",c430878d7dfb022532e246e5e5cc1ca64058b929a998d1148249bb8b4d7b4f8c,62b59ba0ffd39b3b335e91928630092ead492fdaf2b1ffbe675ca75ce932afca,true,COMPLETE
src/research_audit_kit/integrity/volatility.py,MODIFIED,true,"Apache-2.0 integration, release validation, or required audit evidence",1a6e2e7dd357a8c72d9bbed299ea12f780a711bd2ae525bcc59fcb6521edcaf7,3be62bdc294c72e9e3af7b12054a2c692305564da94f83f452925eb424b8d5b8,true,COMPLETE
src/research_audit_kit/io/__init__.py,MODIFIED,true,"Apache-2.0 integration, release validation, or required audit evidence",4124d4e614f8de043c034b94e65b21c2b24524d7696926e843140523025c67ac,c7c02e7b3052514f1cf098047ea977fc31e2ff8f24707a21f9679eb4d5983eaf,true,COMPLETE
src/research_audit_kit/io/csv_io.py,MODIFIED,true,"Apache-2.0 integration, release validation, or required audit evidence",135c66ce0235fd6f1174ff39ddcd5f9b091f39cf59d9721de8f534ee4367717d,6a9cae1d5bd5b152689ab6c025602713cedba954e4ab9999a7888f8a6b8004c0,true,COMPLETE
src/research_audit_kit/io/json_io.py,MODIFIED,true,"Apache-2.0 integration, release validation, or required audit evidence",20ab415c510c081f6c184a44b853c3d3214e51a972c7c628af9d0e74b2493858,bcfc88e578afcc341bf1a60d75ef7314495d218f389376f32db8f9296a52c743,true,COMPLETE
src/research_audit_kit/io/yaml_io.py,MODIFIED,true,"Apache-2.0 integration, release validation, or required audit evidence",3f34e4c095d874e8e9d769eca9dc9a2d78d1aa31dd119d3333aaf13ba8410dc4,7540955daa0726eab0435811922e3cb7562bc807223faf4d1322b4e5b02f7867,true,COMPLETE
src/research_audit_kit/optimization_audit/__init__.py,MODIFIED,true,"Apache-2.0 integration, release validation, or required audit evidence",4d59d68f213eb9614e08ca452a93015d5fcfd0f9525535fe4f3b476402571c71,c976f80029185aa41e7db1a2444c5e040fd2ea472ab27e379204f305991af4fe,true,COMPLETE
src/research_audit_kit/optimization_audit/contamination.py,MODIFIED,true,"Apache-2.0 integration, release validation, or required audit evidence",b94b12e834b17b4c35c9dc50f82d0a870ac3df0135ca9bd6d104ea74a04b75f4,f46b3a793b2ee4389fc60694f1ac534c023a16eb48504ea482a603af44555f92,true,COMPLETE
src/research_audit_kit/optimization_audit/metrics.py,MODIFIED,true,"Apache-2.0 integration, release validation, or required audit evidence",4bb9775aacc91fb01ac57ee46e4557ea8faa0417e26ab4f7697dcb8b0a2c8660,054f7c87459d5a9e58303944c12a9799899dc01a76aef8cbab785781f742f746,true,COMPLETE
src/research_audit_kit/optimization_audit/pareto.py,MODIFIED,true,"Apache-2.0 integration, release validation, or required audit evidence",e73c76daa55c98cacf2ba8328055e1f686ebaa736fc176319b7ddd7830446d0b,1a687368292337bf241520147b081c221b14acea0a06a2e1a32dc2e9be045000,true,COMPLETE
src/research_audit_kit/optimization_audit/recommendation.py,MODIFIED,true,"Apache-2.0 integration, release validation, or required audit evidence",19ecfcf8bb12563ce3fc0a46dc38bd037a50055b92ea0f7c53273317fcef06cf,a0f69fdb8cda98ad9ce8f5619ad1eba2b4f8a61f5fee58feace71da183c5aaa5,true,COMPLETE
src/research_audit_kit/reporting/__init__.py,MODIFIED,true,"Apache-2.0 integration, release validation, or required audit evidence",88c1ad02a26fb702b6287c5adf96b7067fcf9df25a883d7928001331a8dc52b7,6a84e6b8c93453b22b0fb0209d9163c6d5bcc8eb8e2e10f2282d7b61ac07c1f6,true,COMPLETE
src/research_audit_kit/reporting/machine_readable.py,MODIFIED,true,"Apache-2.0 integration, release validation, or required audit evidence",67fe7fd247b4d0f7a1384dd340893d395f3fed21b96ca3c5319f06c336e96c56,1cdb87f2d76170bf51e8abf0aa0c33eaea0d10d2144aeeebd968e8387baa64e9,true,COMPLETE
src/research_audit_kit/reporting/markdown.py,MODIFIED,true,"Apache-2.0 integration, release validation, or required audit evidence",240a81134f9b4fce8c631741c4461a52b9ac277681da523685d9927c05ccc0d9,0c90bb11e273eb8869b5d1b442562fe0577d335f98f140c8900fa0daa8a5bb09,true,COMPLETE
src/research_audit_kit/reporting/summary.py,MODIFIED,true,"Apache-2.0 integration, release validation, or required audit evidence",c0eb50c1468dc5872ebbdcf3bf9289726eb7b176850cb0aa1d84683ccdaaba95,6baecfdcbf0373ad02892563d946adb02344a288ec720d272dc3cef6fee1c662,true,COMPLETE
src/research_audit_kit/support/__init__.py,MODIFIED,true,"Apache-2.0 integration, release validation, or required audit evidence",20308f0a9a678cc3963361bf1197c8a94278ed627f656d83617e8f470389aa62,f1f1408061bec5a39bf3d62cbc9fa77d6effa7abd404e1342f815e694b440fcd,true,COMPLETE
src/research_audit_kit/support/conditional.py,MODIFIED,true,"Apache-2.0 integration, release validation, or required audit evidence",960fb366fa87823e4e74f4016d223063f47c0db814383b4722c9a64c9312ce25,d70779eac024ffa24e875a9bda440bcfff5841d1ac3989dcb8ba45e45249ca13,true,COMPLETE
src/research_audit_kit/support/joint.py,MODIFIED,true,"Apache-2.0 integration, release validation, or required audit evidence",8d62d3786e0c1a649e914a7bb0d8a8143f218382f27a28ea65afdb90608c955e,6d37a664d81a39ab7d7640a3aba2c155bcd7cea745af60faed80c224ce2bb761,true,COMPLETE
src/research_audit_kit/support/marginal.py,MODIFIED,true,"Apache-2.0 integration, release validation, or required audit evidence",9875ab9c8d0a5dd2821ec390240d6418122cbc8ab8b30829d57db265757a3e15,df030f429a9ef5b615ce5fced16435b0ec2bb7d41352f4853d668b695499289d,true,COMPLETE
src/research_audit_kit/support/missingness.py,MODIFIED,true,"Apache-2.0 integration, release validation, or required audit evidence",916175d45b5529c9d5f7fa143052d7aead83a42f4466f77349c9ecde1700fc7b,48a4a6f158f799c4a18e27985da28dfe2580b6321ae96cfa3b77ccb1f958ed5b,true,COMPLETE
src/research_audit_kit/support/report.py,MODIFIED,true,"Apache-2.0 integration, release validation, or required audit evidence",74c8e8979f97121af881c1428c0e8bea7839e03fbe209d9ac09ccad935ebb280,95ab47cbfa553d1a14c7cec1013a5c2257f90b7c7b924b78605ee645e0ca730a,true,COMPLETE
src/research_audit_kit/support/taxonomy.py,MODIFIED,true,"Apache-2.0 integration, release validation, or required audit evidence",2536d631f4fcfa606fc8e3379addb4b4314ab162cdafd6c0bdff5032dd884479,7110c392ffc35fce6cfe1ac93884d8332e8da26ca3ff042a9096851cb75ebd72,true,COMPLETE
src/research_audit_kit/validation/__init__.py,MODIFIED,true,"Apache-2.0 integration, release validation, or required audit evidence",20b2a85ef7292fbed7cc1706a2387191c40d233edf089fbf08a24f6ec6a3fa3d,3044ec9317b32d72e903c7840c369540b3344a3c5d54a1ced8cddcadf5a20c21,true,COMPLETE
src/research_audit_kit/validation/determinism.py,MODIFIED,true,"Apache-2.0 integration, release validation, or required audit evidence",8298ec69c76b68a9365f5bb592f1a36582994616702e6b8ba73e9d60c2005142,5843ebad7c99e978e80ea75fd78270cc6af88b4dd68eb44864daa9b4f2e6f242,true,COMPLETE
src/research_audit_kit/validation/fold_local.py,MODIFIED,true,"Apache-2.0 integration, release validation, or required audit evidence",a40a93f994e468a88579f5f599c91ee735955765f3684b9c5a86941a5ef680d6,1bb9ddef8637010a3926736940025261271e825d6ef2ccc8c8a07410c07e3903,true,COMPLETE
src/research_audit_kit/validation/leakage.py,MODIFIED,true,"Apache-2.0 integration, release validation, or required audit evidence",a1f67eb7ef673e4d5da03458647f910c0ebea6e26be3c57910130071982bfb36,48d762b4014e1e600ae917c3f7e70ded99d79a030821c22621b97a1fc05d8f3f,true,COMPLETE
src/research_audit_kit/validation/split_manifest.py,MODIFIED,true,"Apache-2.0 integration, release validation, or required audit evidence",362a96c7c03ac6246ec752d47d66af982b80cadbd89ebbfb3ed5d71e259b46a7,f1214dd02749ea99d9d4f9ebc693ea767c4cf097f243f1e0515e5ca66708aa84,true,COMPLETE
tests/test_release_metadata.py,MODIFIED,true,"Apache-2.0 integration, release validation, or required audit evidence",b5e77edb6a7fbe9792b827aa2fb1957c494fc45d8d092f0567d0d3487aaea47b,b828a53b4eb57ff433e98b11cc00c0da92cbd9d574cfc087c94fd97fdac80af3,true,COMPLETE
