path,size_bytes,sha256,category,tracked,generated_at
.github/workflows/ci.yml,632,59e28d8adb86676af0e03cb67d1302dc1e2a8e193184725de2ce09d8093d174d,ci_configuration,true,2026-07-25T18:21:56+00:00
.gitignore,229,77c0b4d2cfc0d992a90079a24fd4206016e5d51870884ee764dd313363634e30,repository_metadata,true,2026-07-25T18:21:56+00:00
.pre-commit-config.yaml,131,2559f2143becd53a514a81fa741aace40b8c5612e8eb14be33c854ff03affd31,repository_metadata,true,2026-07-25T18:21:56+00:00
CHANGELOG.md,532,5603ae645c2685731452d9626eacf647771577da55aa62b51dc6c95ff0fcdd6b,repository_metadata,true,2026-07-25T18:21:56+00:00
CITATION.cff,216,f7f0da308dfe3544a776ad2995c4f6ac8375d683b04475ccdd806715b6443c66,repository_metadata,true,2026-07-25T18:21:56+00:00
CONTRIBUTING.md,396,b303321dcab67e4c0a7a98e71864b417cfd99c15162392234e9dc672c52e932e,repository_metadata,true,2026-07-25T18:21:56+00:00
LICENSE_STATUS.md,513,ff27d4afaeaf076eaa2cec95dfa4afa172bba029e33fce50bf28d74ffc7e6b49,repository_metadata,true,2026-07-25T18:21:56+00:00
MANIFEST.in,376,db14f1a743bc343d513ce81a1e32be9c4b5dfaa4843d1e6e40de48b26a00e54b,repository_metadata,true,2026-07-25T18:21:56+00:00
README.md,4118,f6405f4111e18ec3b5b5c69c07b57f4eba910ab9505745962586a5d0670a5322,repository_metadata,true,2026-07-25T18:21:56+00:00
SECURITY.md,377,29fb531655cecd2a5a9fd159fedf91c3538a29f3642e9e2b3ecb411a4e9ce080,repository_metadata,true,2026-07-25T18:21:56+00:00
audit/CLEAN_ROOM_PLAN.md,2108,da1881560240572e06bc99634a9334bbf85defd69831e3e0b171baa5c7224106,phase0_frozen_audit,true,2026-07-25T18:21:56+00:00
audit/FINAL_DECISION.yaml,1197,e05dd539b36f8d76232c97477b89e4cd5eac314be4975b2042e80544a5832c1e,phase0_frozen_audit,true,2026-07-25T18:21:56+00:00
audit/FORBIDDEN_ASSET_SCAN.csv,1179,2bb7828408149d0e76a126eb2bfcf37233c4cfd30b901e08ce43893ba072cd2a,phase0_frozen_audit,true,2026-07-25T18:21:56+00:00
audit/IMPLEMENTATION_REPORT.md,3102,772e99c980bc8af36453266d5fe3b090c9feabc3a67d5c18d64be6cbc934acba,phase0_frozen_audit,true,2026-07-25T18:21:56+00:00
audit/PACKAGE_AUDIT.md,2961,c126f18ce5b97affc1097f6f4318b7205e3a4f7438c875900c3fc2a54f930053,phase0_frozen_audit,true,2026-07-25T18:21:56+00:00
audit/SOURCE_CONCEPT_MAP.csv,1477,faae92ae2f19648ff3bd8c5c868159f124f072388b8b2cc26e5a255e7594f88d,phase0_frozen_audit,true,2026-07-25T18:21:56+00:00
audit/TEST_REPORT.md,1551,2fd9a1c4eb28f07d34ede9246ac82b77697ac25be758ba4f42ba13257e0b1d4e,phase0_frozen_audit,true,2026-07-25T18:21:56+00:00
configs/gate_policy.example.yaml,180,f4b035bee3a3bde8e2e6d23c1e7d725e35c473c7a42eb2b3f5a208a1cfc50448,configuration,true,2026-07-25T18:21:56+00:00
configs/integrity_policy.example.yaml,425,be83080918e03121b7e0ccac72fa009b29c3b68329b58752d05696b993988c1d,configuration,true,2026-07-25T18:21:56+00:00
configs/split_policy.example.yaml,215,559a7c0d72a99217b2fc97c410e763d2fb0921d2d34cf171b3070e2de5f18550,configuration,true,2026-07-25T18:21:56+00:00
configs/support_schema.example.yaml,199,32fa42fa8c832d697ce013e303beebb553787726251c7715c1ccd6febacc56b8,configuration,true,2026-07-25T18:21:56+00:00
docs/design_principles.md,498,5753bea05d14b04c4abbce32d4d1500e26aad31bf8748d54dfc93fdc0b7d6cd5,documentation,true,2026-07-25T18:21:56+00:00
docs/gate_semantics.md,359,bab3d35a8bd268eb1c51f2cd8391f2cf588d719a4289f633b755341c2d1ecf9a,documentation,true,2026-07-25T18:21:56+00:00
docs/integrity_model.md,489,e94b6ec881f767a18667a700d2f8b35b9a76d31b1221ca914bb7ba6bd968f33d,documentation,true,2026-07-25T18:21:56+00:00
docs/limitations.md,519,24a46b5a15007f2be6e39cb10536542672c3b1744f3e727af3278bccb98b795a,documentation,true,2026-07-25T18:21:56+00:00
docs/migration_provenance.md,550,08a0192d5b84e224e51583c6351108019ff98ea430d5c8d6791f558b0486e356,documentation,true,2026-07-25T18:21:56+00:00
docs/optimization_audit.md,347,dc897605acefb6542019f098683ad7f3267350dbdda733248a0c42c3e24f4236,documentation,true,2026-07-25T18:21:56+00:00
docs/protocol_deviations.md,324,b9e33922f21be3b3dff724548fb4f23faa91234ab5696ff19c5e9dfbe9ddedc6,documentation,true,2026-07-25T18:21:56+00:00
docs/support_audit.md,508,0c58a3d660bf8f1dc006a081aa9d42078ebb4b4d6dcf8d8a1e984b6245636969,documentation,true,2026-07-25T18:21:56+00:00
docs/validation_audit.md,392,451c868d1a3a8d6a06d0e6071b1b83b1a941bf6ece522dd842d05dceb2e9306e,documentation,true,2026-07-25T18:21:56+00:00
examples/conditional_support_demo/README.md,401,727792e0d5ad095a50a4aa8b17691cf7da8a035a99c0a939ec98f2637626f6d1,synthetic_example,true,2026-07-25T18:21:56+00:00
examples/conditional_support_demo/data.csv,125,8ebcf408920e8f518285671e8082a9b113234495e77e14de95a15b76dc152108,synthetic_example,true,2026-07-25T18:21:56+00:00
examples/gate_demo/README.md,295,69c4b99d5f78efd9fa38f9f6dc423a0c16275509218d2ca9a92b65d72ab158ab,synthetic_example,true,2026-07-25T18:21:56+00:00
examples/gate_demo/metrics.json,23,ce0710623abfb6ca86dacc9462416994bf562bcf4747c38a897e195e92df09a3,synthetic_example,true,2026-07-25T18:21:56+00:00
examples/gate_demo/policy.yaml,154,fec4864fa45f7fd05eb7c2c1bda2d6d7d439a2041a04f7d8f26ec7a9dd06ea56,synthetic_example,true,2026-07-25T18:21:56+00:00
examples/integrity_demo/README.md,73,3c08a1337cf26de5440fdf6a32c32a4894f0a3073b113111d40c5337a5d6ffd7,synthetic_example,true,2026-07-25T18:21:56+00:00
examples/integrity_demo/results.csv,34,181058827d5f1e9df000cd3c91588d55844663aa5181de366160ae07d05d13bd,synthetic_example,true,2026-07-25T18:21:56+00:00
examples/leakage_demo/README.md,334,f2742955df7935a92bdf0a535e8d78fa13964d37eea752bd31025e80b04bd6d1,synthetic_example,true,2026-07-25T18:21:56+00:00
examples/leakage_demo/data.csv,126,721b50ec1b9da4d25eb8bfa7086d8145faa532632ab6a976c714a29bc7446d29,synthetic_example,true,2026-07-25T18:21:56+00:00
examples/leakage_demo/manifest.csv,196,5c9ade1702f44771dbbb2e1567f398aff09671d0913cb82ff8f8ca5d2a04c952,synthetic_example,true,2026-07-25T18:21:56+00:00
examples/pareto_audit_demo/README.md,372,057c1529c82d333fe2afff1c0e0af0a3feaa2a167a4eebbf96d743e1166b786a,synthetic_example,true,2026-07-25T18:21:56+00:00
examples/pareto_audit_demo/candidates.csv,228,8d6773325120e793db5d0a3adc1c41eb8388d2be32e3f892e2bbb15ee427121c,synthetic_example,true,2026-07-25T18:21:56+00:00
pyproject.toml,996,0c8d3a1a96093f6a26a63e59e2905b8a6a4cb42a2c8e486bcd8667f1b8cfda78,repository_metadata,true,2026-07-25T18:21:56+00:00
src/research_audit_kit/__init__.py,146,9cc7162e82790b447f9e104c2b7bf630a87bac4585ae78ab7a0dbc7c446db9af,package_source,true,2026-07-25T18:21:56+00:00
src/research_audit_kit/__main__.py,49,76fa916e93e0ae1a6c1bb51dcc0bcf289c014e9f760a47165f8a84401ccf41d7,package_source,true,2026-07-25T18:21:56+00:00
src/research_audit_kit/cli.py,10941,543f8555e91889356f7ed82db69c4a15fc8da7c4059b4fd9f487d82f626dc834,package_source,true,2026-07-25T18:21:56+00:00
src/research_audit_kit/constants.py,1320,5e6732100921c8c6b5ca5bcf88994a6aa0585c6b7f13435c62c6bcb56446eadb,package_source,true,2026-07-25T18:21:56+00:00
src/research_audit_kit/exceptions.py,945,4cae1aaa1b9cadc0d1addcf2b26eb96434ca5637fe0db3c5207f2aa8da26408e,package_source,true,2026-07-25T18:21:56+00:00
src/research_audit_kit/governance/__init__.py,249,e996791912a6c7dc519f9197bc0c92b340549b47188524cf93592a6e807894b3,package_source,true,2026-07-25T18:21:56+00:00
src/research_audit_kit/governance/claims.py,1425,df45c3be5378ad84e1d04eea5efb479e7e58e35aff6d217f559b05f3ee203774,package_source,true,2026-07-25T18:21:56+00:00
src/research_audit_kit/governance/decisions.py,741,cbce2770ad73c07154ee397a5c80855576fe50f993b43e7c0e2ea9ade377e157,package_source,true,2026-07-25T18:21:56+00:00
src/research_audit_kit/governance/deviations.py,1655,0b4bc1ee2307b083e0b3b134d278dba8a0dd138e0081c13b5b74c1a467c67eb1,package_source,true,2026-07-25T18:21:56+00:00
src/research_audit_kit/governance/gates.py,2882,8476e46369b7abd48f22d5167bc63dcd948eedb1d37c56ccd21ea90208a93ed4,package_source,true,2026-07-25T18:21:56+00:00
src/research_audit_kit/governance/negative_results.py,1182,2981c023369c763009ef4436dbc1429ad1d065016ab283c0858565dee2cf3b71,package_source,true,2026-07-25T18:21:56+00:00
src/research_audit_kit/integrity/__init__.py,289,7415fac1893db6cd1ff3600a1461dcaa6fb0e48b44704eed52236502b0a51c1c,package_source,true,2026-07-25T18:21:56+00:00
src/research_audit_kit/integrity/baseline.py,2729,37ca8a515c4cbe5dc3e6ee0a2afbcf53c52308832aca4aa350a014ca57b3552a,package_source,true,2026-07-25T18:21:56+00:00
src/research_audit_kit/integrity/hashing.py,1329,d119650a075d9b50bc1af37da203299a7d3e6487850a5936050e18c18a63471b,package_source,true,2026-07-25T18:21:56+00:00
src/research_audit_kit/integrity/inventory.py,4477,c8de28bc474fa7e11da6adf22ebf222f481e497304ec1d85e30c2f3760f80c2a,package_source,true,2026-07-25T18:21:56+00:00
src/research_audit_kit/integrity/policy.py,3631,9b01cb0c2fe9ed3f8279f6b7950d3e429c6a81eb6d0dd04d4b9c8b77465d0fbd,package_source,true,2026-07-25T18:21:56+00:00
src/research_audit_kit/integrity/verification.py,4220,c430878d7dfb022532e246e5e5cc1ca64058b929a998d1148249bb8b4d7b4f8c,package_source,true,2026-07-25T18:21:56+00:00
src/research_audit_kit/integrity/volatility.py,351,1a6e2e7dd357a8c72d9bbed299ea12f780a711bd2ae525bcc59fcb6521edcaf7,package_source,true,2026-07-25T18:21:56+00:00
src/research_audit_kit/io/__init__.py,301,4124d4e614f8de043c034b94e65b21c2b24524d7696926e843140523025c67ac,package_source,true,2026-07-25T18:21:56+00:00
src/research_audit_kit/io/csv_io.py,2489,135c66ce0235fd6f1174ff39ddcd5f9b091f39cf59d9721de8f534ee4367717d,package_source,true,2026-07-25T18:21:56+00:00
src/research_audit_kit/io/json_io.py,703,20ab415c510c081f6c184a44b853c3d3214e51a972c7c628af9d0e74b2493858,package_source,true,2026-07-25T18:21:56+00:00
src/research_audit_kit/io/yaml_io.py,698,3f34e4c095d874e8e9d769eca9dc9a2d78d1aa31dd119d3333aaf13ba8410dc4,package_source,true,2026-07-25T18:21:56+00:00
src/research_audit_kit/optimization_audit/__init__.py,335,4d59d68f213eb9614e08ca452a93015d5fcfd0f9525535fe4f3b476402571c71,package_source,true,2026-07-25T18:21:56+00:00
src/research_audit_kit/optimization_audit/contamination.py,1626,b94b12e834b17b4c35c9dc50f82d0a870ac3df0135ca9bd6d104ea74a04b75f4,package_source,true,2026-07-25T18:21:56+00:00
src/research_audit_kit/optimization_audit/metrics.py,524,4bb9775aacc91fb01ac57ee46e4557ea8faa0417e26ab4f7697dcb8b0a2c8660,package_source,true,2026-07-25T18:21:56+00:00
src/research_audit_kit/optimization_audit/pareto.py,2855,e73c76daa55c98cacf2ba8328055e1f686ebaa736fc176319b7ddd7830446d0b,package_source,true,2026-07-25T18:21:56+00:00
src/research_audit_kit/optimization_audit/recommendation.py,1448,19ecfcf8bb12563ce3fc0a46dc38bd037a50055b92ea0f7c53273317fcef06cf,package_source,true,2026-07-25T18:21:56+00:00
src/research_audit_kit/reporting/__init__.py,259,88c1ad02a26fb702b6287c5adf96b7067fcf9df25a883d7928001331a8dc52b7,package_source,true,2026-07-25T18:21:56+00:00
src/research_audit_kit/reporting/machine_readable.py,570,67fe7fd247b4d0f7a1384dd340893d395f3fed21b96ca3c5319f06c336e96c56,package_source,true,2026-07-25T18:21:56+00:00
src/research_audit_kit/reporting/markdown.py,647,240a81134f9b4fce8c631741c4461a52b9ac277681da523685d9927c05ccc0d9,package_source,true,2026-07-25T18:21:56+00:00
src/research_audit_kit/reporting/summary.py,834,c0eb50c1468dc5872ebbdcf3bf9289726eb7b176850cb0aa1d84683ccdaaba95,package_source,true,2026-07-25T18:21:56+00:00
src/research_audit_kit/support/__init__.py,404,20308f0a9a678cc3963361bf1197c8a94278ed627f656d83617e8f470389aa62,package_source,true,2026-07-25T18:21:56+00:00
src/research_audit_kit/support/conditional.py,2184,960fb366fa87823e4e74f4016d223063f47c0db814383b4722c9a64c9312ce25,package_source,true,2026-07-25T18:21:56+00:00
src/research_audit_kit/support/joint.py,2590,8d62d3786e0c1a649e914a7bb0d8a8143f218382f27a28ea65afdb90608c955e,package_source,true,2026-07-25T18:21:56+00:00
src/research_audit_kit/support/marginal.py,1301,9875ab9c8d0a5dd2821ec390240d6418122cbc8ab8b30829d57db265757a3e15,package_source,true,2026-07-25T18:21:56+00:00
src/research_audit_kit/support/missingness.py,1215,916175d45b5529c9d5f7fa143052d7aead83a42f4466f77349c9ecde1700fc7b,package_source,true,2026-07-25T18:21:56+00:00
src/research_audit_kit/support/report.py,1724,74c8e8979f97121af881c1428c0e8bea7839e03fbe209d9ac09ccad935ebb280,package_source,true,2026-07-25T18:21:56+00:00
src/research_audit_kit/support/taxonomy.py,2144,2536d631f4fcfa606fc8e3379addb4b4314ab162cdafd6c0bdff5032dd884479,package_source,true,2026-07-25T18:21:56+00:00
src/research_audit_kit/validation/__init__.py,321,20b2a85ef7292fbed7cc1706a2387191c40d233edf089fbf08a24f6ec6a3fa3d,package_source,true,2026-07-25T18:21:56+00:00
src/research_audit_kit/validation/determinism.py,705,8298ec69c76b68a9365f5bb592f1a36582994616702e6b8ba73e9d60c2005142,package_source,true,2026-07-25T18:21:56+00:00
src/research_audit_kit/validation/fold_local.py,1431,a40a93f994e468a88579f5f599c91ee735955765f3684b9c5a86941a5ef680d6,package_source,true,2026-07-25T18:21:56+00:00
src/research_audit_kit/validation/leakage.py,3045,a1f67eb7ef673e4d5da03458647f910c0ebea6e26be3c57910130071982bfb36,package_source,true,2026-07-25T18:21:56+00:00
src/research_audit_kit/validation/split_manifest.py,2271,362a96c7c03ac6246ec752d47d66af982b80cadbd89ebbfb3ed5d71e259b46a7,package_source,true,2026-07-25T18:21:56+00:00
tests/conftest.py,1589,14dd282cdb563ffd3ed97d38b3d07fa029bc0615bb652241de3834bc9d96a572,test,true,2026-07-25T18:21:56+00:00
tests/fixtures/clean_repo/README.md,92,f0dbd2c2a30dce4a23d8ef89ddf15ae56fc5cc2e2924c24f6749eaa82e4d32ef,test,true,2026-07-25T18:21:56+00:00
tests/fixtures/clean_repo/analysis.py,112,4902a3642c4041f17597dde2236add55bda6883d1b0be6ad602a6d1e1e81652d,test,true,2026-07-25T18:21:56+00:00
tests/fixtures/clean_repo/measurements.csv,33,091f930b6a8143d21afb68185a9bf7cde5e425c99175f9dfeeae01fccedc826e,test,true,2026-07-25T18:21:56+00:00
tests/fixtures/conditional_grid/data.csv,214,7f3fab9fcf8de80ce5b4b3cb11f361c91bb424e792553d9ce46c050177f41c80,test,true,2026-07-25T18:21:56+00:00
tests/fixtures/conditional_grid/schema.yaml,185,3eb643a981b1413fb77139a4a2d1d5b77e6ae90bcc5182b7dd442f7475a6f39f,test,true,2026-07-25T18:21:56+00:00
tests/fixtures/contaminated_pareto/candidates.csv,314,7f91ba77708d4fdcbfa9fcff6afde636c24874ef61755d2023e5947b182a00ae,test,true,2026-07-25T18:21:56+00:00
tests/fixtures/scientific_change_repo/README.md,99,e76a48bab1202a236b4fb9a7bf4c1d278d53618ff22e0b7a4afc89b2f316037a,test,true,2026-07-25T18:21:56+00:00
tests/fixtures/scientific_change_repo/model_logic.py,44,181121aafbb2aa8cf996628122550f3deae9b4a615f6da57326eb43c24ebdb51,test,true,2026-07-25T18:21:56+00:00
tests/fixtures/split_leakage/data.csv,157,51f8c88b8786325c854d00b3d5622357bdff8f4a30f5934cfced65711c6fab45,test,true,2026-07-25T18:21:56+00:00
tests/fixtures/split_leakage/manifest.csv,288,19ddf661d15a02a98236d8afe5cb445034f79b2d2606e788f55e1283755dfdcd,test,true,2026-07-25T18:21:56+00:00
tests/fixtures/volatile_change_repo/README.md,72,5a0ccae4ca041807b2f35b90ae9d91e4fbc2664b9094441448e3bbee36bf2230,test,true,2026-07-25T18:21:56+00:00
tests/test_baseline.py,1775,0413f33cd5dbbc9a355761f3991a94dddf7ddd0dcb9c0ceb0d218f14f8d043ec,test,true,2026-07-25T18:21:56+00:00
tests/test_candidate_taxonomy.py,1111,8d865239c8a6c0a0bbaeda71862ffa39bf2684069adb545f5ca71b7f5e77391a,test,true,2026-07-25T18:21:56+00:00
tests/test_claim_matrix.py,773,e3a2bf9d3866b21145bd1d96080c67e49b698912c4dbef335e82556dd017439d,test,true,2026-07-25T18:21:56+00:00
tests/test_cli.py,4593,de66d0ea54d7eb2033cbc744fd454fc31f56b8ec42d5494e43aef2816e91a8d2,test,true,2026-07-25T18:21:56+00:00
tests/test_conditional_support.py,696,06fe8a6f2ae212a2b856ba51d92d2614499a5bb23ba4acd565260333688c5d5f,test,true,2026-07-25T18:21:56+00:00
tests/test_contamination.py,1283,bb80d1c7608861ecd648157aea757585b6fb3b46675ad342b807a0ca99a5bac0,test,true,2026-07-25T18:21:56+00:00
tests/test_csv_io.py,1205,7ddd888ab42bf611441e494b8e76ce19e24c210714bcef759375e30c4736c01f,test,true,2026-07-25T18:21:56+00:00
tests/test_determinism.py,502,b4fb84a222cb4c6ff884b8bce85792756e21ea0cc197e7b140fa9c2b3a4d93ee,test,true,2026-07-25T18:21:56+00:00
tests/test_deviations.py,1204,e3258262f32ebd0dec1aa72131b8d8df9f3f06da472d90f8f261d23bd5df8434,test,true,2026-07-25T18:21:56+00:00
tests/test_end_to_end.py,1572,3f1532df6171968d83ec8b2ed182ba13e9082ad81ec37ca73ef7f79594d59b35,test,true,2026-07-25T18:21:56+00:00
tests/test_fold_local.py,649,9fe162da22fd3467bc663f1eac5459cb7f9dfa4118c245101abcca63e07c846c,test,true,2026-07-25T18:21:56+00:00
tests/test_gates.py,1152,7d3d0b4753d0beea3e54193c3820065ae29f7106b82f0792cd1aa9b4164f1e74,test,true,2026-07-25T18:21:56+00:00
tests/test_hashing.py,762,c386677533feaee7fed0b6f3d4831a021ca16596ea1312e2b474404c1ea94ce9,test,true,2026-07-25T18:21:56+00:00
tests/test_integrity_policy.py,595,52efd790fe7720050e7ad8241c82775601875fac036c1212a4f6784c2f4957af,test,true,2026-07-25T18:21:56+00:00
tests/test_inventory.py,2346,33a50535c5a0b407ab1cc61f28b0596993f79caa96e5903efb6bf2084bac7fc3,test,true,2026-07-25T18:21:56+00:00
tests/test_joint_support.py,1136,cc6cbe16feb77cbc8500fdcac4725dbd2bbab34c0f8e4fabc55d888f06ae5b0d,test,true,2026-07-25T18:21:56+00:00
tests/test_leakage.py,1683,421e34833faa12ec72a6c72447f115b4652cacf904e41686643cb2a8b1413119,test,true,2026-07-25T18:21:56+00:00
tests/test_marginal_support.py,410,1c8e130cf7ed036245d47486f7341c7a276e979366c4287d7911c194b35cd028,test,true,2026-07-25T18:21:56+00:00
tests/test_pareto.py,1234,72ec33b4f36b0612d0eafb1374eb30122afc1359f97b528c2e7bb6457cdcc52f,test,true,2026-07-25T18:21:56+00:00
tests/test_release_metadata.py,1952,b5e77edb6a7fbe9792b827aa2fb1957c494fc45d8d092f0567d0d3487aaea47b,test,true,2026-07-25T18:21:56+00:00
tests/test_split_manifest.py,1305,76ac0dbddc70c55afbdf3e5b9046a351234985e203dcb42c085bfdb46abac714,test,true,2026-07-25T18:21:56+00:00
tests/test_structural_missingness.py,816,326126bd78c1ca08ef74cb6c8dfbafebd87955576cadad68df6568cb31b1957d,test,true,2026-07-25T18:21:56+00:00
tests/test_verification.py,1254,d90182dea69cdb993b88843f16d9acdaa8f766bd52cb2b94c83013ca06eb9851,test,true,2026-07-25T18:21:56+00:00
tests/test_volatility.py,769,b30053d4ce2af83ba2fd0a6df3e058fdbb00d14158785f1c3d331704a534795a,test,true,2026-07-25T18:21:56+00:00
